                  epoch,         train/box_loss,         train/cls_loss,         train/dfl_loss,   metrics/precision(B),      metrics/recall(B),       metrics/mAP50(B),    metrics/mAP50-95(B),           val/box_loss,           val/cls_loss,           val/dfl_loss,                 lr/pg0,                 lr/pg1,                 lr/pg2
                      1,                 1.3442,                 2.5528,                 1.2447,                0.01873,                 0.2125,                  0.013,                0.00332,                 2.3676,                  13045,                    3.6,                 0.0706,              0.0032667,              0.0032667
                      2,                 1.3502,                 1.9271,                 1.2495,                0.01873,                 0.2125,                  0.013,                0.00332,                 4.1172,                 3510.5,                 29.984,               0.040382,              0.0063822,              0.0063822
                      3,                  1.356,                 1.7956,                 1.2189,                0.76104,                  0.055,                0.01718,                 0.0083,                 1.7854,                 356.47,                 1.8768,              0.0099444,              0.0092777,              0.0092777
                      4,                  1.261,                 1.6421,                 1.1475,                0.25011,                0.01625,                  5e-05,                  1e-05,                 3.0753,                 759.13,                 3.8643,                0.00901,                0.00901,                0.00901
